sample_id;score;size_user;size_edges;size_friends;detection_algo;detection_algo_time;global_homophily;clusters_size;clusters_homophily;clusters_modularity
edges_same-rating-2_1000;same-rating-2;944;206783;1176;louvain;6;0.093366080269725454;328,289,220,107;0.1,0.1,0.1,0.1;0.0609484689737,0.0609484689737,0.0609484689737,0.0609484689737
edges_same-rating-2_1000;same-rating-2;944;206783;1176;igraph-multilevel;0;0.12290734009549904;349,344,251;0.1,0.2,0.1;0.0613790440332,0.0613790440332,0.0613790440332
edges_same-rating-2_1000;same-rating-2;944;206783;1176;igraph-label-propag;0;0.28495762711864409;944;0.3;0.0
