sample_id;score;size_user;size_edges;size_friends;friends_alone;friends_median;detection_algo;detection_algo_time;global_homophily;clusters_size;clusters_homophily;clusters_modularity
edges_trivial_1;trivial;1899;789891;1844;0;2.0;louvain;44;0.11589567856291944;746,643,508,2;0.2,0.2,0.1,0.0;0.0635722920395,0.0635722920395,0.0635722920395,0.0635722920395
edges_same-rating-2_1;same-rating-2;1914;824667;1852;0;2.0;louvain;45;0.29434918780247654;756,653,501,2,2;0.2,0.2,0.1,0.0,1.0;0.0632249950186,0.0632249950186,0.0632249950186,0.0632249950186,0.0632249950186
edges_common_1;common;1914;824667;1852;0;2.0;louvain;46;0.29300289558792186;733,681,496,2,2;0.2,0.2,0.1,0.0,1.0;0.0628152324561,0.0628152324561,0.0628152324561,0.0628152324561,0.0628152324561
